{"stats":{"minecraft:custom":{"minecraft:time_since_rest":38676,"minecraft:sprint_one_cm":1163959,"minecraft:damage_taken":4630,"minecraft:walk_one_cm":607332,"minecraft:mob_kills":1,"minecraft:drop":38,"minecraft:damage_dealt":20,"minecraft:fly_one_cm":16875264,"minecraft:crouch_one_cm":55556,"minecraft:play_time":4765432,"minecraft:deaths":35,"minecraft:sneak_time":12747,"minecraft:jump":6586,"minecraft:leave_game":27,"minecraft:time_since_death":38656,"minecraft:total_world_time":4765432,"minecraft:fall_one_cm":26187},"minecraft:dropped":{"minecraft:stone":0,"minecraft:wheat_seeds":0,"minecraft:quartz_stairs":0,"minecraft:snowball":0,"minecraft:chicken":0,"minecraft:fire_charge":0,"minecraft:rotten_flesh":0,"minecraft:glow_item_frame":0,"minecraft:crimson_fence":0,"minecraft:quartz_slab":0},"minecraft:used":{"minecraft:ghast_spawn_egg":8,"minecraft:crimson_fence":1,"minecraft:flint_and_steel":3,"minecraft:quartz_slab":250,"minecraft:elder_guardian_spawn_egg":2,"minecraft:chicken":5,"minecraft:chicken_spawn_egg":52,"minecraft:stone":58,"minecraft:smooth_quartz":1,"minecraft:llama_spawn_egg":2,"minecraft:quartz_stairs":28,"minecraft:vex_spawn_egg":1,"minecraft:glow_item_frame":1,"minecraft:dolphin_spawn_egg":14,"minecraft:dirt":31,"minecraft:tnt":133,"minecraft:deepslate_redstone_ore":5,"minecraft:chiseled_quartz_block":25,"minecraft:cooked_beef":8,"minecraft:husk_spawn_egg":1,"minecraft:snowball":138,"minecraft:cobweb":9},"minecraft:picked_up":{"minecraft:cooked_beef":99,"minecraft:feather":9,"minecraft:chicken":12,"minecraft:prismarine_shard":4,"minecraft:torch":29,"minecraft:fire_charge":1,"minecraft:porkchop":16,"minecraft:gunpowder":3,"minecraft:flint_and_steel":1,"minecraft:tnt":1,"minecraft:quartz_slab":19,"minecraft:rotten_flesh":2,"minecraft:diamond":2,"minecraft:wheat_seeds":1,"minecraft:iron_ingot":3,"minecraft:redstone_torch":1,"minecraft:golden_apple":1,"minecraft:minecart":1,"minecraft:quartz_stairs":20,"minecraft:chest":1,"minecraft:cod":3,"minecraft:snowball":42,"minecraft:rail":8}},"DataVersion":2730}